{
  "resources.json": 1618346273692,
  "controller/App.controller.js": 1618229275228,
  "manifest.json": 1618346273689,
  "model/models.js": 1618344878521,
  "controller/RequestApproval.controller.js": 1618345574559,
  "controller/BaseController.js": 1618229275228,
  "model/Property.json": 1618344878513,
  "Component.js": 1618174978618,
  "manifest-bundle.zip": 1618346273282,
  "Component-preload.js": 1618346273598,
  "model/models-dbg.js": 1618344878521,
  "controller/RequestApproval-dbg.controller.js": 1618345574559,
  "controller/BaseController-dbg.js": 1618229275228,
  "controller/App-dbg.controller.js": 1618229275228,
  "Component-dbg.js": 1618174978618,
  "i18n/i18n.properties": 1618346219697,
  "view/RequestApproval.view.xml": 1618345574563,
  "view/BusinessValueHelp.fragment.xml": 1617624804393,
  "view/App.view.xml": 1618174978850,
  "css/style.css": 1617624804377,
  "index.html": 1618174978726
}