{
  "i18n/i18n.properties": 1617895859167,
  "model/Property.json": 1618246104478,
  "manifest.json": 1618258600637,
  "model/models.js": 1617965594258,
  "controller/RequestApproval.controller.js": 1618243073115,
  "controller/BaseController.js": 1618229275228,
  "controller/App.controller.js": 1618229275228,
  "Component.js": 1618174978618,
  "manifest-bundle.zip": 1618258600211,
  "Component-preload.js": 1618258600550,
  "controller/RequestApproval-dbg.controller.js": 1618243073115,
  "model/models-dbg.js": 1617965594258,
  "controller/BaseController-dbg.js": 1618229275228,
  "controller/App-dbg.controller.js": 1618229275228,
  "Component-dbg.js": 1618174978618,
  "resources.json": 1618258600640,
  "view/RequestApproval.view.xml": 1618174978850,
  "view/BusinessValueHelp.fragment.xml": 1617624804393,
  "view/App.view.xml": 1618174978850,
  "css/style.css": 1617624804377,
  "index.html": 1618174978726
}