{
  "manifest-bundle.zip": 1617952670998,
  "controller/RequestApproval.controller.js": 1617952655245,
  "manifest.json": 1617952671516,
  "model/models.js": 1617624804381,
  "model/Property.json": 1617900507462,
  "controller/BaseController.js": 1617895859167,
  "controller/App.controller.js": 1617626480692,
  "Component.js": 1617952655257,
  "i18n/i18n.properties": 1617895859167,
  "Component-preload.js": 1617952671408,
  "controller/App-dbg.controller.js": 1617626480692,
  "controller/RequestApproval-dbg.controller.js": 1617952655245,
  "controller/BaseController-dbg.js": 1617895859167,
  "model/models-dbg.js": 1617624804381,
  "Component-dbg.js": 1617952655257,
  "resources.json": 1617952671518,
  "view/RequestApproval.view.xml": 1617895859167,
  "view/BusinessValueHelp.fragment.xml": 1617624804393,
  "view/App.view.xml": 1617626481248,
  "css/style.css": 1617624804377,
  "index.html": 1617626480764
}