{
  "model/models.js": 1618344878521,
  "controller/RequestApproval.controller.js": 1618496657527,
  "manifest.json": 1619378011247,
  "i18n/i18n.properties": 1618496657527,
  "model/Property.json": 1618496657531,
  "controller/BaseController.js": 1618229275228,
  "controller/App.controller.js": 1618229275228,
  "Component.js": 1618174978618,
  "manifest-bundle.zip": 1619378010810,
  "Component-preload.js": 1619378011155,
  "Component-dbg.js": 1618174978618,
  "controller/RequestApproval-dbg.controller.js": 1618496657527,
  "controller/BaseController-dbg.js": 1618229275228,
  "controller/App-dbg.controller.js": 1618229275228,
  "model/models-dbg.js": 1618344878521,
  "resources.json": 1619378011250,
  "view/RequestApproval.view.xml": 1618872975368,
  "view/BusinessValueHelp.fragment.xml": 1617624804393,
  "view/App.view.xml": 1618174978850,
  "css/style.css": 1617624804377,
  "index.html": 1618174978726
}