{
  "controller/RequestApproval-dbg.controller.js": 1617626480760,
  "manifest.json": 1617641314120,
  "model/Property.json": 1617624804381,
  "model/models.js": 1617624804381,
  "controller/RequestApproval.controller.js": 1617626480760,
  "controller/BaseController.js": 1617626480704,
  "controller/App.controller.js": 1617626480692,
  "Component.js": 1617641295963,
  "manifest-bundle.zip": 1617641313568,
  "Component-preload.js": 1617641313994,
  "controller/BaseController-dbg.js": 1617626480704,
  "i18n/i18n.properties": 1617624804377,
  "model/models-dbg.js": 1617624804381,
  "controller/App-dbg.controller.js": 1617626480692,
  "Component-dbg.js": 1617641295963,
  "resources.json": 1617641314123,
  "view/RequestApproval.view.xml": 1617626481256,
  "view/BusinessValueHelp.fragment.xml": 1617624804393,
  "view/App.view.xml": 1617626481248,
  "css/style.css": 1617624804377,
  "index.html": 1617626480764
}