{
  "Component.js": 1618246557924,
  "controller/App.controller.js": 1618338666163,
  "model/models.js": 1617624804405,
  "controller/BaseController.js": 1617624804401,
  "manifest.json": 1618346279809,
  "i18n/i18n.properties": 1618346219697,
  "manifest-bundle.zip": 1618346279474,
  "Component-preload.js": 1618346279742,
  "controller/App-dbg.controller.js": 1618338666163,
  "controller/BaseController-dbg.js": 1617624804401,
  "model/models-dbg.js": 1617624804405,
  "Component-dbg.js": 1618246557924,
  "resources.json": 1618346279812,
  "view/UserSelectDialog.fragment.xml": 1617624804413,
  "view/App.view.xml": 1618346219697,
  "css/style.css": 1617624804401,
  "index.html": 1618251691247
}