{
  "controller/App.controller.js": 1618246471195,
  "i18n/i18n.properties": 1617624804401,
  "model/models.js": 1617624804405,
  "controller/BaseController.js": 1617624804401,
  "manifest.json": 1618258606921,
  "Component.js": 1618246557924,
  "manifest-bundle.zip": 1618258606588,
  "Component-preload.js": 1618258606854,
  "model/models-dbg.js": 1617624804405,
  "controller/BaseController-dbg.js": 1617624804401,
  "controller/App-dbg.controller.js": 1618246471195,
  "Component-dbg.js": 1618246557924,
  "resources.json": 1618258606924,
  "view/UserSelectDialog.fragment.xml": 1617624804413,
  "view/App.view.xml": 1617624804413,
  "css/style.css": 1617624804401,
  "index.html": 1618251691247
}