{
  "controller/BaseController.js": 1617624804401,
  "i18n/i18n.properties": 1618348451201,
  "model/models.js": 1617624804405,
  "manifest.json": 1619372407945,
  "controller/App.controller.js": 1619372356401,
  "Component.js": 1618246557924,
  "manifest-bundle.zip": 1619372407590,
  "Component-preload.js": 1619372407870,
  "controller/App-dbg.controller.js": 1619372356401,
  "controller/BaseController-dbg.js": 1617624804401,
  "model/models-dbg.js": 1617624804405,
  "Component-dbg.js": 1618246557924,
  "resources.json": 1619372407947,
  "view/UserSelectDialog.fragment.xml": 1617624804413,
  "view/App.view.xml": 1619371170797,
  "css/style.css": 1617624804401,
  "index.html": 1618251691247
}