{
  "controller/App.controller.js": 1618338666163,
  "Component.js": 1618246557924,
  "model/models.js": 1617624804405,
  "controller/BaseController.js": 1617624804401,
  "i18n/i18n.properties": 1618348451201,
  "manifest.json": 1618496757323,
  "manifest-bundle.zip": 1618496756976,
  "Component-preload.js": 1618496757255,
  "controller/BaseController-dbg.js": 1617624804401,
  "model/models-dbg.js": 1617624804405,
  "controller/App-dbg.controller.js": 1618338666163,
  "Component-dbg.js": 1618246557924,
  "resources.json": 1618496757326,
  "view/UserSelectDialog.fragment.xml": 1617624804413,
  "view/App.view.xml": 1618348451201,
  "css/style.css": 1617624804401,
  "index.html": 1618251691247
}