{
  "css/style.css": 1617624804401,
  "manifest.json": 1619378018077,
  "model/models.js": 1617624804405,
  "controller/BaseController.js": 1617624804401,
  "controller/App.controller.js": 1619375692907,
  "Component.js": 1618246557924,
  "manifest-bundle.zip": 1619378017645,
  "Component-preload.js": 1619378017974,
  "model/models-dbg.js": 1617624804405,
  "controller/BaseController-dbg.js": 1617624804401,
  "controller/App-dbg.controller.js": 1619375692907,
  "Component-dbg.js": 1618246557924,
  "resources.json": 1619378018080,
  "view/UserSelectDialog.fragment.xml": 1617624804413,
  "view/App.view.xml": 1619371170797,
  "i18n/i18n.properties": 1619376947764,
  "index.html": 1618251691247
}