{
    "welcomeFile": "/index.html",
    "authenticationMethod": "none",
    "logout": {
        "logoutEndpoint": "/do/logout"
    },
    "routes": [
        {
            "source": "^/workflowruntime/(.*)$",
            "target": "/$1",
            "service": "com.sap.bpm.workflow",
            "endpoint": "workflow_rest_url",
            "authenticationType": "xsuaa"
        },
        {
            "source": "^/docservice/(.*)$",
            "target": "/$1",
            "destination": "bpmworkflowruntime_attachments",
            "authenticationType": "xsuaa",
            "cacheControl": "no-cache, no-store, must-revalidate"
        },
        {
            "source": "^/scim/(.*)$",
            "target": "/$1",
            "destination": "SCIM",
            "authenticationType": "xsuaa",
            "cacheControl": "no-cache, no-store, must-revalidate"
        },
        {
            "source": "^(.*)$",
            "target": "$1",
            "service": "html5-apps-repo-rt",
            "authenticationType": "xsuaa"
        }
    ]
}