{
  "Component-dbg.js": 1617624804349,
  "controller/App.controller.js": 1619370298456,
  "manifest.json": 1619378024735,
  "model/models.js": 1617624804357,
  "controller/BaseController.js": 1617624804349,
  "model/Property.json": 1617624804357,
  "Component.js": 1617624804349,
  "manifest-bundle.zip": 1619378024420,
  "Component-preload.js": 1619378024671,
  "i18n/i18n.properties": 1619378001353,
  "controller/BaseController-dbg.js": 1617624804349,
  "controller/App-dbg.controller.js": 1619370298456,
  "model/models-dbg.js": 1617624804357,
  "resources.json": 1619378024738,
  "view/App.view.xml": 1619376695456,
  "css/style.css": 1617624804353,
  "index.html": 1617624804353
}