{
  "manifest-bundle.zip": 1618870092161,
  "manifest.json": 1618870092550,
  "model/Property.json": 1617624804357,
  "model/models.js": 1617624804357,
  "controller/BaseController.js": 1617624804349,
  "controller/App.controller.js": 1617624804349,
  "Component.js": 1617624804349,
  "i18n/i18n.properties": 1617624804353,
  "Component-preload.js": 1618870092471,
  "Component-dbg.js": 1617624804349,
  "controller/BaseController-dbg.js": 1617624804349,
  "controller/App-dbg.controller.js": 1617624804349,
  "model/models-dbg.js": 1617624804357,
  "resources.json": 1618870092553,
  "view/App.view.xml": 1617624804369,
  "css/style.css": 1617624804353,
  "index.html": 1617624804353
}