{
  "Component-preload.js": 1618873034489,
  "model/Property.json": 1617624804357,
  "manifest.json": 1618873034561,
  "model/models.js": 1617624804357,
  "controller/BaseController.js": 1617624804349,
  "controller/App.controller.js": 1618870766119,
  "Component.js": 1617624804349,
  "manifest-bundle.zip": 1618873034211,
  "i18n/i18n.properties": 1618871954174,
  "model/models-dbg.js": 1617624804357,
  "controller/BaseController-dbg.js": 1617624804349,
  "controller/App-dbg.controller.js": 1618870766119,
  "Component-dbg.js": 1617624804349,
  "resources.json": 1618873034564,
  "view/App.view.xml": 1618872975368,
  "css/style.css": 1617624804353,
  "index.html": 1617624804353
}