{
  "manifest.json": 1619372414243,
  "Component.js": 1617624804349,
  "i18n/i18n.properties": 1618871954174,
  "model/models.js": 1617624804357,
  "controller/BaseController.js": 1617624804349,
  "controller/App.controller.js": 1619370298456,
  "model/Property.json": 1617624804357,
  "manifest-bundle.zip": 1619372413930,
  "Component-preload.js": 1619372414182,
  "model/models-dbg.js": 1617624804357,
  "controller/BaseController-dbg.js": 1617624804349,
  "controller/App-dbg.controller.js": 1619370298456,
  "Component-dbg.js": 1617624804349,
  "resources.json": 1619372414246,
  "view/App.view.xml": 1618872975368,
  "css/style.css": 1617624804353,
  "index.html": 1617624804353
}